{"assets/images/.DS_Store":["assets/images/.DS_Store"],"assets/images/Archive.zip":["assets/images/Archive.zip"],"assets/images/Harvesting.png":["assets/images/Harvesting.png"],"assets/images/Pre-Processing.png":["assets/images/Pre-Processing.png"],"assets/images/Processing.png":["assets/images/Processing.png"],"assets/images/QC and Packaging.png":["assets/images/QC and Packaging.png"],"assets/images/Transportation to the processing plant.png":["assets/images/Transportation to the processing plant.png"],"assets/images/Transportation to the storage house.png":["assets/images/Transportation to the storage house.png"],"assets/images/Transportation to the warehouse.png":["assets/images/Transportation to the warehouse.png"],"assets/images/block_black.png":["assets/images/block_black.png"],"assets/images/block_blue.png":["assets/images/block_blue.png"],"assets/images/blockchain.svg":["assets/images/blockchain.svg"],"assets/images/downArrow.svg":["assets/images/downArrow.svg"],"packages/cupertino_icons/assets/CupertinoIcons.ttf":["packages/cupertino_icons/assets/CupertinoIcons.ttf"]}